,mu,n,neff,sigma,stderr,timestep,error,relerr
0.5,0.9037014914881326,145510.0,20357.9735709492,0.0073623051306146246,5.159962432216715e-05,0.5,0.0,0.0
1.0,0.9031136738010439,159515.0,21988.45728084598,0.00741472738169822,5.000320109655004e-05,1.0,-0.0005878176870887097,-0.0006504555902865066
1.5,0.9022864340254011,163635.0,23589.689806957627,0.0074271850015271805,4.835742051971214e-05,1.5,-0.0014150574627315171,-0.0015658461074367937
2.0,0.9025761387267723,245016.0,33053.53009736419,0.00742433401963526,4.083650615807736e-05,2.0,-0.0011253527613602765,-0.0012452704482175292
